[
    {
        "imgUrl": "1.jpg",
        "bookName":"三体",
        "author": "刘慈欣著 / 雨果奖作品",
        "priceAfter": "99.8",
        "priceBefore": "198.2",
        "comment": "大爱罗辑！！",
        "commentId": "来自于 kenor 的评价",
        "ISBN": "0-670-82162-0"
    },
    {
        "imgUrl": "2.jpg",
        "bookName": "态度",
        "author": "吴军 著",
        "priceBefore": "99.8",
        "priceAfter": "46",
        "comment": "注意你的态度，因为它可能影响你的想法！",
        "commentId": "来自于 alice 的评价",
        "detail": "国家文津图书奖得主、硅谷投资人吴军博士个人成长类著作；《浪潮之巅》《见识》之后全新力作；你做事的态度，决定你的人生高度",
        "ISBN": "0-670-82162-1"
    },
    {
        "imgUrl":"3.jpg",
        "bookName":"被讨厌的勇气",
        "author":"(日)岸见一郎//古贺史健",
        "priceAfter":"99.8",
        "priceBefore":"36",
        "comment":"自由就是被人讨厌",
        "commentId":"来自于 kenor 的评价",
        "detail":"",
        "ISBN": "0-670-82162-2"
    },
    {
        "imgUrl":"4.jpg",
        "bookName":"动画大师宫崎骏",
        "author":"刘德润/刘淙淙",
        "priceAfter":"99.8",
        "priceBefore":"19",
        "comment":"崇拜大师",
        "commentId":"来自于 kenor 的评价",
        "detail": "以时代脉络为纵向坐标，以宫崎骏苦心追梦，并取得举世瞩目的成功的人生历程为横向坐标，介绍了动画大师宫崎骏的传奇一生。",
        "ISBN": "0-670-82162-3"
    },
    {
        "imgUrl":"5.jpg",
        "bookName":"我和薇儿-典藏纪念版",
        "author":"[澳]马克斯·苏萨克 著,朱润萍/郭志艳 译",
        "priceAfter":"24",
        "priceBefore":"13",
        "comment":"细腻、复杂而真实",
        "commentId":"来自于 kenor 的评价",
        "detail":"卡梅隆在家里是无足轻重的一员。他敏感又懦弱，既不像足球明星哥哥史蒂夫那样沉稳干练，也不像每周换一个女友的拳击手哥哥鲁本那样独具魅力。鲁本带回了一个女孩。薇儿和以往的任何一个女孩都不一样，卡梅隆被她深深地吸引了。只是，像这样的女孩也许永远都不会爱上像卡梅隆这样的男孩。\n在我的白日梦里，那女孩的手总是*终停在我的胸口，抚摸我的内心——每次都是。我告诉自己：心灵深处才是我*渴望她触摸的地方。\n"
        ,"ISBN": "0-670-82162-4"
    },
    {
        "imgUrl":"6.jpg",
        "bookName":"一条名叫幻灭的鱼",
        "author":"张小意",
        "priceAfter":"54",
        "priceBefore":"33",
        "comment":"人生的错落感、情绪的翻滚描述的很贴切。",
        "commentId":"来自于 kenor 的评价",
        "detail":"这本书是张小意的中短篇集，收录有十篇小说，其中《再见壁虎》曾获第九届金陵文学奖优秀奖。她的作品聚焦时代女性，叙事冷峻而不张扬，没有激烈起伏的情节，更多的是对女性人物内心和情感的剖析。"
        ,"ISBN": "0-670-82162-5"
    },
    {
        "imgUrl":"7.jpg",
        "bookName":"夏娃的苦果",
        "author":"[英] 鲁斯·伦德尔 著，赵文伟 译",
        "priceAfter":"34",
        "priceBefore":"23",
        "comment":"一个父亲的噩梦",
        "commentId":"来自于 kenor 的评价",
        "detail":"这是一个父亲的噩梦。黎明时分，乔治?马歇尔森发现女儿安柏还没有回家，他不知道她永远也不会回来了——她的尸体就在离家几码远的地方。韦克斯福德探长也是一位父亲，但他仍然无法想象如果自己在这样的处境中会怎么办。案件调查过程中，韦克斯福德发现了被杀少女生活中一些意想不到的秘密。接着，又有一名少女的尸体被发现了……韦克斯福德必须把自己女儿的问题放到一边，来处理这件他职业生涯以来*令人痛心的案子。"
        ,"ISBN": "0-670-82162-6"
    },
    {
        "imgUrl":"8.jpg",
        "bookName":"每个人的故乡都在沦陷",
        "author":"冉云飞",
        "priceAfter":"34",
        "priceBefore":"32",
        "comment":"有美人兮，见之不忘",
        "commentId":"来自于 kenor 的评价",
        "detail":"《每个人的故乡都在沦陷》一书，是作家冉云飞有关巴蜀历史研究的又一力作。书中主要以明末清初红苕入川为开端，试以时间为线索，将看似微渺的个体事件一以贯之，见微知著，倾力于揭示近代文明与蜀地之间的冲撞，并进一步以蜀地为缩影，反映中国的特殊历史境况。"
        ,"ISBN": "0-670-82162-7"
    },
    {
        "imgUrl":"9.jpg",
        "bookName":"沉睡的人鱼之家",
        "author":"[日]东野圭吾 著,王蕴洁 译",
        "priceAfter":"54",
        "priceBefore":"34",
        "comment":"good",
        "commentId":"来自于 kenor 的评价",
        "detail":"如果推理小说一定要有死亡，这本书所触及的或许就是最残忍最令人绝望的一种情境。 一起事件，一个人的一生因此改变。仿佛跌入蛛网般绝望的挣扎，可这黑暗的尽头在哪里？世界还会有光亮吗？薰子放弃所有，坚持守护的这一切真的像想象的那样吗？ 我心里的可爱宝贝，却成了別人眼中骇人的怪物。他们说我把瑞穗当成玩具，說我在玩弄一个死去的人。",
        "ISBN": "0-670-82162-8"
    },
    {
        "imgUrl":"10.jpg",
        "bookName":"福尔摩斯的功绩",
        "author":"[美]雅德里安·柯南·道尔 著",
        "priceAfter":"54",
        "priceBefore":"34",
        "comment":"good",
        "commentId":"来自于 kenor 的评价",
        "detail":"美好的阅读感觉，新鲜的冒险故事。贝克街的名侦探再度归来！ 　　福尔摩斯缔造者柯南·道尔之子联手推理宗师，带给您世界上正统的福尔摩斯后续故事，篇篇其来有自，将福尔摩斯侦探生涯的缺漏一举补齐。 　　从未公开的离奇事件，隐而不宣的重大案情……",
        "ISBN": "0-670-82162-9"
    },
    {
        "imgUrl":"11.jpg",
        "bookName":"大唐探案录之长安风云",
        "author":"[日] 陈舜臣 著，海墨 译",
        "priceAfter":"54",
        "priceBefore":"34",
        "comment":"good",
        "commentId":"来自于 kenor 的评价",
        "detail":"遣唐使客房中为何惊现衣着怪异的尸体？黑白通吃的谋士之死与绝色波斯女子之间有何关系？赌场老板的客人离奇惨死，究竟是意外，还是人性的弱点在作祟？大财主商机被盗取，管家，歌姬，仆人，究竟谁才是泄密者？长安城的一流工匠与多年前的一起密室杀人案有何关系？这背后又有什么不为人知的隐情和伤痛？ 面对如此多手段诡谲的案件，贺望东和遥大鲸能否见招拆招、拨云见日？"
        ,"ISBN": "0-670-82163-1"
    },
    {
        "imgUrl":"12.jpg",
        "bookName":"诡梦镜中人",
        "author":"刘少言",
        "priceAfter":"54",
        "priceBefore":"34",
        "comment":"very good",
        "commentId":"来自于 kenor 的评价",
        "detail":"当前世的记忆会在今生浮现，我们的生活是会变的更精彩，还是更无奈？ ..."
    ,"ISBN": "0-670-82164-1"
    },
    {
        "imgUrl":"13.jpg",
        "bookName":"我们仨",
        "author":"杨绛",
        "priceAfter":"54",
        "priceBefore":"34",
        "comment":"good",
        "commentId":"来自于 kenor 的评价",
        "detail":"《我们仨》是杨绛所著散文集，于2003年7月三联书店首度出版，畅销15年 ，销售超过800万册。 《我们仨》杨绛以简洁而沉重的语言，回忆先她而去的女儿钱媛、丈夫钱钟书，回忆一家三口那些快乐而艰难、爱与痛的日子。家庭是一生的庇护所，生命的意义不会因为躯体的生灭而有所改变..."
    ,"ISBN": "0-670-82165-1"
    },

    {
        "imgUrl":"14.jpg",
        "bookName":"流浪地球",
        "author":"刘慈欣",
        "priceAfter":"54",
        "priceBefore":"34",
        "comment":"good",
        "commentId":"来自于 kenor 的评价",
        "detail":"1. 刘慈欣、王晋康、何夕，中国*想象力的大脑所展现出的浩瀚想象力，令人沉醉其中，不忍释卷。 2. 凝聚三位中国*实力科幻作家的创作精华于一体，集中展现中国科幻*成就。 3.本书采用国际流行开本，内文采用优质轻型纸张，封面采用进口白卡纸及描图纸，排版舒朗、简洁大气，装帧设计精良，收藏、馈赠皆相宜。"
    ,"ISBN": "0-670-82165-1"
    },

    {
        "imgUrl":"15.jpg",
        "bookName":"三体Ⅰ: “地球往事”",
        "author":"刘慈欣",
        "priceAfter":"54",
        "priceBefore":"34",
        "comment":"good",
        "commentId":"来自于 kenor 的评价",
        "detail":"文化大革命如火如荼进行的同时，军方探寻外星文明的*秘计划“红 岸工程”取得了突破性进展。但在按下发射键的那一刻，历经劫难的叶文 洁没有意识到，她彻底改变了人类的命运。 地球文明向宇宙发出的**声啼鸣，以太阳为中心，以光速向宇宙深 处飞驰…… 四光年外，“三体文明”正苦苦挣扎——三颗无规则运行的太阳主导 下的百余次毁灭与重生逼迫他们逃离母星。而恰在此时，他们接收到了地 球发来的信息。"
    ,"ISBN": "0-670-82166-1"
    },

    {
        "imgUrl":"16.jpg",
        "bookName":"我是猫",
        "author":"[日] 夏目漱石 著，孙静 译",
        "priceAfter":"54",
        "priceBefore":"34",
        "comment":"interesting",
        "commentId":"来自于 kenor 的评价",
        "detail":"这是一只善于思索、有见识、富有正义感又具有文人气质，但至死也没有学会捕捉老鼠的猫..."
    ,"ISBN": "0-670-82167-1"
    },

    {
        "imgUrl":"17.jpg",
        "bookName":"月亮与六便士",
        "author":"[英] 毛姆",
        "priceAfter":"54",
        "priceBefore":"34",
        "comment":"interesting",
        "commentId":"来自于 kenor 的评价",
        "detail":"书中的主人公“我”是伦敦怀才不遇的作家，偶然间认识了一位证券经纪人，对方在人届中年后突然响应内心的呼唤，离经叛道舍弃一切，先是奔赴巴黎，后又到南太平洋的塔希提岛与土着人一起生活，全身心投入绘画，并在死后声名大噪。“我”在他成名后开始追溯与艺术家家曾经的来往与对方之后的人生经历。"
    ,"ISBN": "0-670-82168-1"
    },
    {
        "imgUrl":"18.jpg",
        "bookName":"百年孤独",
        "author":"[哥伦比亚]加西亚·马尔克斯 著",
        "priceAfter":"54",
        "priceBefore":"34",
        "comment":"good",
        "commentId":"来自于 kenor 的评价",
        "detail":"★缔造文坛传奇与文学奇迹的小说巨著 ★影响世界小说走向的文学巨匠——加西亚·马尔克斯代表作！ ★代表“魔幻现实主义”文学主峰 ★征服全球读者、作家、出版社、版权经纪人、书店、媒体的鸿篇巨制 ★被誉为“《堂吉诃德》之后伟大的西班牙语作品” ★中国读者等待了近半个世纪的殿堂级作品"
    ,"ISBN": "0-670-82863-1"
    },

    {
        "imgUrl":"19.jpg",
        "bookName":"傲慢与偏见",
        "author":"(英)简·奥斯汀[著]",
        "priceAfter":"54",
        "priceBefore":"34",
        "comment":"good",
        "commentId":"来自于 kenor 的评价",
        "detail":"达西富有而潇洒，高傲冷漠，代表“傲慢”；伊丽莎白机灵且睿智，任性直率，代表“偏见”。“傲慢让别人无法爱上我，偏见让我无法爱上别人。”因此爱情在两人之间忽隐忽现、步履维艰。但伊丽莎白Z终了解了达西的真正为人，达西也因为伊丽莎白改变了傲慢的态度，二人Z终跨越门第终成眷属。 小说不仅情节动人，且语言文字充满了机智的英式幽默，饱满的人物形象和优美的乡镇风光令人沉迷与陶醉。"
    ,"ISBN": "0-670-82169-1"
    },
    {
        "imgUrl":"20.jpg",
        "bookName":"杀死一只知更鸟",
        "author":"哈珀.李",
        "priceAfter":"54",
        "priceBefore":"34",
        "comment":"good",
        "commentId":"来自于 kenor 的评价",
        "detail":"哈珀·李所作的《杀死一只知更鸟(精)》的故事发生在大萧条时期美国南方一个静谧的小镇，几桩离奇的疑案彻底打破了几个孩子平静的生活：事件的真凶，怪人的谜底，传言背后的真相……在父亲的指引下，他们在迷雾中寻找真知，在磨难中历练风度，在不公平中积累正气，经历了暴风骤雨般的成长，也感受了人间的温暖与真情..."
    ,"ISBN": "0-675-82163-1"
    }
    ]

